Inclination,GrazInt,logDist,pH,Conductivity,Skeleton,Wood,Litter,Dung,Biocrust,Fine,Gravel,Stones,Blocks,Soildepth,Cl,NO2,NO3,PO4,SO4,Na,NH4,K,Mg,Ca
0,0.028444976,2.197224577,6.43,167.6,13.82765531,0,3,6,0,52,40,3,0,60,1.02,0,0.24,0,1.09,1.49,0.01,0.67,1.45,1.82
0,0.027143405,2.302585093,6.43,167.6,13.82765531,0.1,5,8,0,57,40,2,0,60,1.02,0,0.24,0,1.09,1.49,0.01,0.67,1.45,1.82
0,0.020219716,3.091042453,6.43,167.6,13.82765531,0,0.1,4,0,56,40,2,0,60,1.02,0,0.24,0,1.09,1.49,0.01,0.67,1.45,1.82
0,0.017308618,3.610917913,6.98,71.1,30.14705882,0.5,0.1,3,0,63,30,2,0,60,1.38,0,0.12,0,2.14,2.15,0,0.48,0,3.7
1,0.015264959,4.094344562,6.82,70.7,16.57060519,0.1,0.1,1,0.1,69,20,1,0,60,0.78,0,0.22,0,1.08,0.51,0,0.25,1.99,1.27
0,0.015741916,3.970291914,6.17,23.8,11.78707224,0.1,0.1,0.5,0.1,63,30,2,0,60,0.99,0,0.1,0,0.89,0.47,0,0.19,0.97,0.7
0,0.015741916,3.970291914,4.72,77.1,13.48464619,0.1,0.1,3,0,49,40,1,0,60,1.09,0,0.65,0,1.35,3.62,0,2.19,2.68,2.75
1,0.017059901,3.663561646,6.41,55.6,15.71218796,0.1,0.1,2,0.1,56,40,2,0,60,0.86,0,0.12,0,0,0.71,0.03,0.23,1.61,0.7
0,0.012240632,5.105945474,4.45,25.7,38.8384755,0.5,0.1,0.1,3,42,45,3,0,17.25,0.9,0,0.15,0,1.12,3.89,0,2.75,3.74,2.33
0,0.012314849,5.075173815,4.79,12.8,35.24962179,0.5,0.1,0.1,0.1,36,55,2,0,14.5,0.9,0,0,0.01,0.7,3.61,0,2.67,3.81,2.43
1,0.012408296,5.036952602,6.46,58,62.48196248,0.1,0.1,0.1,0,50,40,5,0,20,0.83,0,0.35,0,0.55,0.46,0,0.55,0.46,3.96
0.5,0.013375196,4.672828834,5.26,24.2,36.66666667,0.5,0.1,0.1,0.1,36,55,3,1,10,1.3,0,0.01,0,0.01,3.34,0,2.66,3.46,2.71
0,0.012944478,4.828313737,5.11,11.4,36.15107914,1,0.1,0.5,0.1,39,55,4,0,27,1.66,0,0.73,0.01,2.54,1.5,0.24,0.23,1.63,0.74
0,0.010938558,5.713732806,4.47,14.6,22.18309859,0.5,0.1,0.1,0.1,43,40,2,0,11.25,0.55,0,0.09,0,0.17,0.48,0,0.34,2.74,6.92
0.5,0.011077815,5.641907071,4.55,11.2,19.44444444,0.1,0.1,0.1,0,38,55,3,1,23.75,1,0,0,0,1.56,3.43,0,2.48,3.47,1.3
0,0.011231875,5.564520407,4.62,15.6,23.56687898,1,0.1,2,0.1,40,50,2,0,23,0.58,0,0.23,0,0.43,0.27,0,0.56,0.32,1.86
0.5,0.01116386,5.598421959,4.69,13,33.81818182,0.5,0.1,0.1,0.5,41,40,3,1,22.25,1.7,0,0.2,0,0.01,0.59,0,0.53,6.13,5.25
0.5,0.010603279,5.894402834,4.26,11.8,39.31034483,1,0.1,0,3,29,50,3,1,20.5,0.69,0,0,0,0.88,4.01,0,2.78,3.81,1.87
0,0.009868505,6.333279628,4.75,16.9,32.56198347,0.5,0.1,0.5,2,38,55,2,0,23,1.5,0,0.11,0,2,3.26,0,2.79,3.56,1.6
1,0.009819709,6.364750757,4.49,14.8,37.1886121,0.5,0.1,0.1,0.1,19,70,5,0,10,0.88,0,0.19,0,1.11,0.78,0,0.69,1.84,2.3
0,0.010031328,6.230481448,4.51,16.4,25.98225602,2,0.1,1,0.1,36,60,2,0,18.25,0.44,0,0.13,0,0.61,0.97,0,0.35,0,2.82
0,0.009993878,6.253828812,4.07,12.1,16.53666147,0.5,0.1,0.5,0.1,36,60,1,1,27,0.91,0,0.2,0,0.57,0.48,0,0.48,0.27,2.03
0,0.01008975,6.194405391,4.31,14.3,19.40740741,1,0.1,0.5,0.1,40,55,2,0,23.75,0.63,0.04,0.39,0.04,0.24,0.55,0,0.38,0.45,2.35
0,0.009390814,6.65544035,4.36,16,30.38461538,1,0.1,0.5,0,43,55,2,0,10.25,0.84,0,0.22,0.18,0.27,0.52,0,0.2,2.41,1.57
0,0.009272283,6.74051936,6.11,57.7,20.91836735,1,0.5,0,0,51,40,3,0,23,1.31,0,0.18,0,1.72,3.26,0,2.76,3.22,0.24
0,0.009282084,6.733401892,4.99,17.2,17.76798825,0.5,1,0.1,0.1,33,60,3,0,20.25,1.71,0,0.19,0.01,2.3,2.77,0,2.7,3.08,0.72
0.5,0.009505594,6.575075841,4.33,10.2,13.66366366,0.5,0.1,0.5,0.1,38,60,2,0,29.25,0.47,0,0.14,0,0.28,0.32,0,0.48,0.27,1.75
0,0.00957635,6.52649486,4.59,11.4,41.94214876,1,0.1,0.1,0.5,32,64,3,0,8.25,3.47,0,0.25,0.03,4.41,2.7,0.7,0.25,0.85,0.1
0,0.089122714,3.091042453,6.98,376,22.7,0,1,0.1,0,91,5,4,0,10,0.5,0,2.19,0.34,2.54,3.46,0.84,1.59,8.59,8.33
0,0.107402547,2.564949357,7.24,359,34.03,0.1,0.5,0.5,0,71,10,19,0,6,0.5,0,2.19,0.34,2.54,4.07,1.2,1.73,10.98,10.05
0,0.061220832,4.49980967,6.9,78.5,7.61,0,7,2,0,90,5,5,0,12,0.5,0,2.19,0.34,2.54,3.39,0.8,0.45,4.05,4.37
0,0.068436776,4.025351691,7.1,208,14.2,0.1,5,4,0,84,5,11,0,11,0.5,0,2.19,0.34,2.54,3.73,1.02,1,7.52,7.6
0,0.065287733,4.219507705,7.16,87.1,14.14,0.1,0,1,0,88,3,9,0,10,0.5,0,2.19,0.34,2.54,3.47,0.84,0.3,3.47,8.24
0,0.068744494,4.007333185,7.14,46.1,13.8,0.1,20,0.5,0,77,10,12,1,3,0.33,0,1.7,0.34,1.95,0.53,0,0.29,1.53,4.03
0,0.063806104,4.317488114,6.63,141.3,5.6,0.5,7,1,0,89,5,6,0,11,0.68,0,2.69,0.33,3.12,0.64,0,0.44,1.53,1.52
0,0.053049178,5.192956851,6.66,59.4,4.49,0.1,40,1,0,83,15,1,0,35,1.38,0,1.11,0.27,3.34,0.84,0.14,0.41,1.53,2.05
0,0.05277075,5.220355825,6.56,79.1,6.87,0.1,40,1,0,82,15,2,0,7,1.09,0,1.37,0.32,2.72,0.63,0.11,0.52,1.53,1.25
0,0.053049178,5.192956851,6.09,35.5,3.91,0.1,40,0.5,0,93,3,2,0,44,0.39,0,0.85,0.14,0.78,0.59,0,0.34,1.53,1.19
0,0.057542051,4.787491743,6.87,32,3.73,2,5,2,0,92,5,2,0,23,0.45,0,1.37,0.28,1.44,0.6,0,0.4,1.53,1.28
0,0.05616038,4.905274778,6.62,93.9,2.48,0.5,10,1,0,95,3,2,0,15,0.47,0,1.38,0.22,1.11,0.55,0,0.39,1.53,1.4
0,0.047142979,5.843544417,5.27,12.4,5.66,2,20,0.5,0.1,47,25,3,0,20,1.58,0,0.75,0.04,0,3.63,0,0.36,3.31,2.81
0,0.047261051,5.828945618,5.05,17.7,8.65,0.5,15,0.5,0,63,20,2,0,10,1.58,0,0.75,0.04,0,3.47,0.41,0.36,2.84,3.67
0,0.045979091,5.991464547,5.13,22.6,10.11,0.1,20,0.1,0,63,15,2,0,15,1.58,0,0.75,0.04,0,3.37,0,0.29,3.84,3.62
0,0.046075825,5.978885765,4.93,19,9.54,0.5,10,0.5,0,69,15,1,0,20,1.58,0,0.75,0.04,0,0.43,1.18,0.3,1.46,1.44
0,0.046802111,5.886104031,4.99,21.4,24.18,15,5,0,0,40,30,5,0,8,1.58,0,0.75,0.04,0,3.88,0,0.36,4.21,3.15
0,0.042097464,6.543911846,4.82,15.9,9.67,0.5,10,0.1,0,78,20,1,0,33,1.58,0,0.75,0.04,0,3.38,0.79,0.35,3.35,2.07
0,0.042286146,6.514712691,4.59,17.9,15.89,0.5,15,0.1,0,74,20,1,0,34,1.58,0,0.75,0.04,0,3.43,0.85,0.47,2.82,1.43
0,0.042051399,6.551080335,4.58,16.6,11.06,0.1,10,0.1,0,73,20,2,0,16,1.58,0,0.75,0.04,0,3.37,0.76,0.65,3.73,3.73
0.5,0.041871344,6.579251212,4.82,28.1,9.73,0.1,5,0.5,0,42,35,3,0,14,1.58,0,0.75,0.04,0,3.5,0.8,0.34,4.94,3.66
0,0.042143964,6.536691598,4.46,14.5,9.92,2,15,0,0,44,25,1,0,16,1.58,0,0.75,0.04,0,3.72,0,0.36,4.63,3.3
0,0.038993841,7.064759028,5.2,36.1,4.49,1,15,0.1,0,87,10,2,0,60,5.57,0,0.54,0.58,1.34,3.31,0,0.52,0.76,0.85
0,0.038993841,7.064759028,5.06,26,4.58,0.5,15,0,0,86,10,2,0,60,4.13,0,0.54,0.45,1.16,2.73,0,0.13,0.45,1.26
0,0.039337358,7.003065459,5.07,22.8,4.58,1,20,0.1,0,89,5,1,0,60,1.65,0,0.21,0.27,2.7,1.89,0,0.12,0.23,0.34
0,0.039041277,7.056175284,5.8,44.1,4.31,1,5,0.5,0,92,5,1,0,60,1.87,0,0.22,0.15,0,0.65,1.2,0.62,1.54,1
0,0.039414634,6.989335266,4.88,31.3,6.01,0.5,2,0.1,0,84,10,1,0,60,1.39,0,0.22,0,0,0.57,1.18,0.59,1.48,1.82
0,0.03550667,2.708050201,6.62,113.7,49.55631399,0.1,3,0.5,0,31,50,18,0,6.5,0.71,0,0.23,0,1.21,3.98,0,2.4,2.4,1.09
0,0.033938089,2.833213344,6.62,113.7,22.16678546,0.1,4,0.5,0,55,40,4,0,36,1.16,0,0.46,0,2.31,1.6,0,0.7,0.26,5.07
0,0.024335084,3.951243719,6.56,167.6,43.61948956,0.1,3,1,0,54,30,10,0,23.25,0.9,0,0.01,0.01,2.28,3.46,0,2.59,3.23,1.08
0,0.024838247,3.871201011,6.37,46,66.10716591,0.1,3,0.5,0,54,30,6,0,27.5,0.83,0,0.01,0.01,1.17,3.88,0,2.65,3.27,1.03
0,0.022135855,4.343805422,6.27,123.5,53.87840671,0.1,1,0.5,0,55,30,4,0,4.25,1.22,0,0.13,0.2,2.92,0.26,0,0.91,2.51,1.16
0,0.023680629,4.060443011,5.42,27.5,53.57887422,1,0.5,1,0,53,35,6,0,19.5,0.46,0,0.04,0,0.62,0.18,0,0.3,2.41,1.66
0,0.022557135,4.262679877,5.3,26.4,14.18861512,0.1,2,0.5,0,61,15,2,0,25,0.84,0,0.11,0,0.54,0.33,0,0.61,0.52,2.63
0.5,0.019016846,5.056245805,4.6,9.8,51.79340029,1,1,0.1,0.1,56,30,3,0,14,0.66,0,0.09,0,0.4,0.27,0,0.47,0.3,2.32
0.5,0.020339741,4.727387819,5.2,12.3,18.79297173,0.1,1,0.1,0.1,53,15,2,0,26.75,0.39,0,0.02,0,0.62,0.54,0,0.37,2.55,0.46
0.5,0.01954354,4.919980926,4.34,11.3,58.2788671,0.5,1,0.5,0.1,47,30,3,0,22.5,0.46,0,0.22,0.07,0.56,5.5,0.01,3.17,4.49,5.76
0,0.018854189,5.099866428,4.19,10.5,58.76662636,0.1,2,0.5,0.1,40,20,4,0,10.75,1.12,0,0.04,0.01,1.56,10.32,0,6.17,8.01,7.15
0.5,0.018617199,5.164785974,4.85,10.7,14.37007874,0.1,2,0.1,0.1,58,20,2,0,28,0.75,0,1.06,0,0.74,0.92,0,0.27,1.63,5.31
0,0.016780484,5.730099783,4.4,12.6,33.93665158,0.1,1,0.5,0,42,45,2,0,20.5,0.87,0,0.08,0,0.72,0.55,0,0.49,0.26,1.87
0.3,0.017209516,5.587248658,5.53,165.9,26.40449438,0.1,0.5,0.1,0.1,31,30,4,0,13.5,0.62,0,0.09,0,0.5,0.3,0,0.5,0.57,2.15
0.5,0.016867783,5.700443573,4.93,18.1,15.91413768,0.1,1,0.5,0.1,56,25,2,1,23.5,1.32,0,0.14,0.01,1.55,10.23,0,6.15,8.01,6.99
1,0.016208677,5.932245187,4.74,10.8,16.07258587,0.1,1,0.5,0.1,34,20,1,5,38.75,0.91,0,0.04,0,1.18,3.58,0,2.73,3.5,1.51
0.2,0.016446567,5.846438775,4.18,8.6,37.15498938,0.1,0.5,0.5,0,54,20,1,0,26.5,0.61,0.05,0.07,0.06,0.54,0.75,0,0.18,3.68,2.24
0,0.015000191,6.410174882,4.37,18.7,58.41219769,0.5,1,0.1,0.1,64,15,3,0,13.5,0.85,0,0.08,0.02,0.67,0.34,0.15,0.37,2.2,0.59
1,0.015342392,6.267200549,4.35,11.9,38.57331572,0.1,0.5,0.5,0.1,43,25,1,0,23.25,0.84,0.06,0.02,0.03,1.27,1.86,0,1.31,3.19,1.67
0.5,0.015437694,6.228511004,4.48,10,25.17394054,0.1,0.5,0.5,0.1,52,20,1,0,21.75,1.33,0,0.01,0,0.01,0.53,0,0.54,5.66,6.54
0,0.014655296,6.561030666,4.56,13.3,47.77986241,0.1,1,0.5,0.1,46,20,4,0,11.25,1.09,0,0.18,0,1,1.39,0,0.6,0.31,1.97
0.5,0.014687185,6.546785411,4.58,15.9,15.90744758,0.1,1,0.1,0.1,51,25,1,0,32,1.08,0,0.01,0,1.48,3.46,0,2.7,3.75,1.84
0.3,0.014054261,6.841615476,4.45,10.8,43.20323015,0.1,1,0.1,0.1,58,15,2,0,20,0.74,0,0.52,0.06,1.14,0.87,0.01,0.31,0.53,1.76
1,0.014223069,6.760414691,4.85,11.1,35.40669856,1,0.5,0.5,0.1,47,30,2,0,24.25,0.87,0,0,0,0.94,3.88,0,2.75,3.75,1.13
0,0.013835372,6.949856455,4.25,8.6,21.47012163,0.1,2,0.5,0,48,30,1,0,27,0.9,0,0.16,0.01,1.12,0.13,0,0.21,2.17,0.06
0.3,0.013660577,7.038783541,4.04,14.2,52.02216066,0.1,2,0.1,0.1,50,25,4,0,27,0.59,0,0.07,0.05,0.98,0.82,0,0.19,1.9,0.89
0,0.014094263,6.8221973910000004,4.33,10.5,17.28,0.1,5,0.1,0.1,40,40,0,0,30.75,0.72,0.05,0.05,0.06,1.1,0.3,0,0.19,2.91,2.06
0,0.070885681,2.564949357,5.89,60.8,14.44759207,0.1,3,4,0,85,10,0,0,60,0.64,0,0.92,0,0.73,4.03,0,2.53,2.87,0.41
0,0.062904774,2.890371758,6.19,163.1,12.47803163,0.1,10,5,0,95,5,0,0,60,0.84,0,4.72,0,1.08,0.4,0,1.06,0.88,3.46
0,0.042941334,4.234106505,5.3,20.2,10.09957326,0.1,2,0.5,0,75,10,0,0,58,0.54,0,0.03,0,0.49,4.13,0,2.58,3.59,1.57
0,0.042941334,4.234106505,4.85,24.4,10.76923077,0.1,1,0.1,0,71,25,0,0,60,1.71,0,0.22,0,2.39,3.01,0,2.54,3.52,2.42
0,0.046476767,3.912023005,6.46,72.7,8.947368421,0,5,1,0,75,20,0,0,60,1.675495,0,0.01668655,0,2.244,3.032505,0,2.29672,3.158645,6.3335
0,0.042112028,4.317488114,5.01,14.9,10.36414566,0.1,2,2,0,83,15,0,0,60,1.52886,0,0.0461185,0,1.89386,10.184945,0,6.15648,7.98903,6.874145
0,0.048644798,3.737669618,5.18,20.6,8.595988539,0.1,1,3,0,75,20,0,0,60,1.02148,0,0.06851545,0,1.278296,10.45085,0,6.132735,7.97934,7.075065
0,0.036238398,5.017279837,4.56,18.6,9.401709402,0.1,1,0.1,0,77,20,0,0,60,2.095975,0,0,0,1.4875,2.65922,0,2.674485,3.481635,2.395
0,0.034901366,5.209486153,4.46,12.7,12.66233766,0.5,0.5,0,0,72,25,0,0,60,1.8273055,0,0,0.002,4.243,2.69102,0,2.701365,3.32321,7.965425
0,0.038111549,4.770684624,4.38,9.5,10.66666667,0.5,0.5,0.1,0,75,10,0,0,46,1.540177,0,0.1676215,0.001544195,1.0401,0.6712465,0,0.2295395,0.858182,1.32432
0,0.034721703,5.236441963,4.67,10.8,11.37254902,0.1,3,0.1,0,93,5,0,0,60,1.92137,0,0.143965,0.00346215,1.516735,0.569019,0,0.167302,0.724529,0.4277875
0,0.038680766,4.700480366,6.02,99.2,37.9814077,0.1,2,0.5,0,81,15,0,0,60,2.02026,0,0,0.815219,3.028,3.621275,0,2.00703,2.320275,2.178
0,0.03208692,5.666426688,4.72,10.8,11.53846154,0.5,2,0.1,0,80,15,0,0,60,0.4254095,0,0.0428083,0.001446955,0.52039,0.6105855,0,0.303491,2.32261,0.018850815
0,0.03112983,5.840641657,4.56,15.1,8.792497069,0.1,2,0.5,0,80,15,0,0,60,0.6580045,0,0.411068975,0.0557775,0.6836215,0.335412275,0,0.099662195,3.352,3.520605
0,0.032858374,5.533389489,4.01,11.6,14.33823529,0.1,1,0.1,0,75,10,0,0,60,1.64023,0,0.808165248,0.1325,2.47175,1.2484775,0,1.5631175,1.56811,3.665975
0,0.0325635,5.583496309,4.43,11.2,12.12121212,0.5,2,0.1,0,70,20,0,0,60,1.078605,0,0.03873185,0,0.918753,0.5509075,0,0.5504825,0.4124085,1.736935
0,0.030554378,5.950642553,4.97,15.3,11.46496815,1,1,0.1,0,70,25,0,0,60,2.078505,0,0.0788307,0.001282905,1.990945,1.0471985,0,2.61517,3.37607,1.51343
0,0.029154491,6.23636959,4.96,13.2,11.30136986,0.5,1,0.1,0,80,15,0,0,60,0.8796075,0,0.0842579,0.002436285,0.972948,0.475403,0,0.3306585,2.572755,0.6777075
0,0.028125253,6.464588304,5.11,20.1,13.60381862,0.1,7,0.1,0,73,25,0,0,60,0.4415855,0,0.0561569,0,0.300914,0.0910636,0,0.571931,1.1149535,2.456915
0,0.029675545,6.126869184,4.63,16.3,12.11401425,0.1,5,0.1,0,75,10,0,0,60,0.8808035,0,0.01846925,0.001555455,1.0897515,3.726925,0,2.689565,3.624035,2.02102
0,0.027902516,6.516193076,4.91,15.4,11.30136986,0.1,1,0,0,85,10,0,0,60,1.11625,0,0.05020315,0.004934385,1.506025,10.3146,0,6.14696,7.91818,6.94805
0,0.029761142,6.109247583,4.42,11.9,10.63553826,0.1,1,0,0,70,25,0,0,60,0.7950575,0,0.0650901,0,0.408147,0.3583335,0,0.612326,0.4242955,1.80484
0,0.026680906,6.814542897,4.56,10.5,15.26315789,0,0.1,0,0.1,85,10,0,0,60,0.503916,0,0.02729219,0.00474563,0.7667515,0.5945465,0,0.3097275,2.518305,0.634531
0,0.026871568,6.766191715,4.64,12.1,11.20481928,0.5,0.5,0.1,0,80,15,0,0,60,0.759026,0,0.333856925,0.026302595,0.6496685,0.37206,0.0075,0.41509975,1.2539525,2.3060775
0,0.026208729,6.937314081,4.46,11,11.43473571,0.1,1,0,0,83,10,0,0,60,0.375419,0,0.124222675,0.035814488,0.343052,0.551458425,0,0.1760838,1.6678425,5.8976075
0,0.026298104,6.913737351,5.07,11.4,12.69146608,0.5,4,0.1,0,85,10,0,0,60,0.9034,0,0.05987645,0,0.7966875,0.598026,0,0.5626085,0.301368,2.82635
0,0.026997655,6.73459166,4.46,10.4,12.01232033,0.5,2,0.1,0,83,15,0,0,60,0.635776,0,0.0173837,5.6546e-4,0.820249,0.554313,0,0.2702905,2.44719,0.497576
0,0.081516418,2.708050201,6.58,193,2.09,0.1,5,1,0,75,20,3,0,13,7.55345,0,3.81031,1.822755,3.489175,4.771405,0,0.842968,0,3.721645
0,0.053915968,4.094344562,6.52,48.2,3.68,1,10,3,0,55,5,0,0,30,1.528845,0,0.667268,0.301696,1.181309,0.7575935,0,0.472697,1.52752,1.0136285
0,0.050819623,4.343805422,6.39,75.6,3.29,0.1,40,3,0,80,15,0,0,21,0.886316,0,0.684896,0.17227585,1.0920075,0.588854,0.1986615,0.3927015,1.539455,4.037895
0,0.050233953,4.394449155,6.47,100.8,4.424458715,0.1,25,2,0,76,15,2,0,22,1.129415,0,1.324905,0.306872,2.220815,0.5997895,0.1944085,0.4163295,1.53252,1.172225
0,0.055086648,4.007333185,6.14,92.7,6.06,0,15,3,0,77,20,3,0,24,0.965071,0,1.397845,0.3145505,2.18309,0.6475405,0.190182,0.50524,1.52631,1.061995
0,0.049303986,4.477336814,7.02,97.9,4.66,0.1,30,2,0,0,0,0,0,21,1.502035,0,1.324575,0.2697715,1.59003,0.87783,0,0.642516,1.532945,1.14276
0,0.044543635,4.955827058,4.78,26.3,2.08,0.1,30,0.1,0.1,65,5,0,0,31,1.811365,0,0.610315,0.40471045,0,0.813095,1.169755,0.5961665,1.49696,1.853745
0,0.042242873,5.225746674,5.09,18.4,2.48,0.1,35,0.1,0,64,10,1,0,25,4.33437,0,0.1799875,0.3920865,1.318635,2.7159,0,0.1763695,0.4336305,0.05832145
0,0.043998055,5.017279837,5.18,432,1.26,0.1,35,0.5,0,68,5,2,0,25,2.14684,0,18.73745,0,1.168335,0.385159,0,0.2334665,1.980465,1.91593
0,0.043081987,5.123963979,4.95,19.7,1.85,0.1,25,0,0,80,5,0,0,30,1.49052,0,0.1669985,0.2646835,0.69406350000000006,1.45209,0,0.12419815,0.913734,0.729791
0,0.044356512,4.976733742,4.65,22.8,2.61,0.5,25,0.1,0,75,5,0,0,26,1.53026,0,0.7151935,0.2694675,1.453215,0.42097725,1.18303,0.3424365,1.588011667,3.27778
0,0.037871438,5.828945618,4.2,21.1,3.49,0.1,30,0.1,0,80,8,2,0,24,1.800225,0,0.716925,0.139036,1.16489,0.807086,1.16735,0.328241,1.467445,1.69353
0,0.038933896,5.669880923,4.79,16.2,2.77,1,30,0.1,0,73,15,2,0,17,3.52041,0,0.230055,0.6052095,1.31466,1.25928,0,0.223051,0.323615,0
0,0.037000523,5.966146739,4.45,19.7,3.81,0.5,30,2,0,63,15,2,0,29,1.381945,0,0.68522400000000006,0.3165075,0,0.4281995,1.18778,0.5647145,1.53566,1.266
0,0.039980461,5.521460918,4.82,28.5,2.72,0.1,30,0.1,0,73,10,2,0,23,5.908415,0,0.6082155,0.7432005,0,0.7959525,0,0.644904,1.51007,1.26224
0,0.038166878,5.783825182,4.42,22.5,4.7,0.1,20,0.5,0,73,15,2,0,25,3.37826,0,0.359719,0.7575115,1.63361,2.48769,0,0.1761195,0.5072315,0.141905
0,0.034787772,6.345636361,4.48,13.6,5.99,0.1,25,0.1,0,81,10,4,0,19,0.8217635,0,0.767396333,0.162548333,0.946141667,3.5261,0,0.3982495,3.542395,1.69864
0,0.033846582,6.522092798,4.46,13.8,3.87,0.1,8,0.1,0,68,15,2,0,24,0.8217635,0,0.767396333,0.162548333,0.946141667,3.630755,0,0.4567505,3.819865,1.810435
0,0.03441989,6.413458957,4.33,12.7,5.59,1,25,0.1,0,68,15,7,0,25,1.145,0,1.12,0.145,0.965,1.819215,0,0.3800605,1.64464,3.7489475
0,0.033552534,6.579251212,4.36,18.7,4.04,0.5,8,0.5,0.1,65,7,3,0,28,0.84,0,0.7,0.145,0.575,1.9183425,0.12,0.565287,1.25332,2.108075
0,0.035464452,6.224558429,5.84,61.3,3.93,0.1,20,0.1,0,79,5,1,0,37,0.4802905,0,0.482189,0.197645,1.298425,0.242742,0,0.0298155,0.711724,1.139397
0,0.032373223,6.818924065,5.17,25.9,3.96,0.1,10,0.1,0.1,75,5,2,3,37,0.1083654,0,4.13297e-4,0.00797969,0.00146222,4.18527,0,0.4298775,4.138595,2.690695
0,0.031754572,6.951772164,5.09,19.9,10.05,1,15,0.5,0,73,15,2,0,28,0.1083654,0,4.13297e-4,0.00797969,0.00146222,3.749605,0,0.3980775,4.347455,2.502375
0,0.032478487,6.796823718,4.78,17.1,2.99,1,20,0.5,0,78,5,2,0,32,0.1083654,0,4.13297e-4,0.00797969,0.00146222,3.713945,0,0.3993255,3.82744,3.182515
0,0.032245753,6.845879875,4.82,28.2,3.58,0.1,7,0.1,0,67,10,3,0,25,0.1083654,0,4.13297e-4,0.00797969,0.00146222,3.45407,0,0.4417025,3.86669,3.160905
0,0.032614431,6.768493212,4.44,20.8,4.86,0.5,10,0.1,0.1,60,8,2,0,31,0.1083654,0,4.13297e-4,0.00797969,0.00146222,4.222205,0,0.6003215,2.79485,2.263905
0,0.029077369,2.995732274,6.86,96,4.52,0.1,0.5,15,0,92,8,0,0,36,0.2229865,0,0.2559515,0.0249596,0.0276089,4.71791,0,4.014325,4.95815,6.752
0,0.036326863,2.397895273,6.86,96,4.52,0.1,0.1,10,0,87,10,3,0,35,0.2229865,0,0.2559515,0.0249596,0.0276089,4.71791,0,4.014325,4.95815,6.752
0,0.020716857,4.204692619,5.87,32.2,3.092955487,0.1,5,3,0,87,10,0,0,55,0.1551312,0.003098405,0.05237935,0.00487518,0.12014235,0.60471725,0.18677725,0.42247225,1.5328925,1.7818775
0,0.020113918,4.33073334,5.24,30.5,2.93,0.1,5,1,0,85,10,0,0,60,0.395557,0,1.178525,0.2272375,0.9502915,0.513844,0.166951,0.484108,1.53263,1.185855
0,0.021837143,3.988984047,6.83,115.7,3.29,0.5,2,1,0,94,5,0,0,60,0.5479885,0,0.122572,0.095482,0.5890615,0.851666,0.1489607,0.392445,1.18851,1.66741175
0,0.021189659,4.110873864,5.36,65,3.22,0.1,4,5,0,80,10,0,0,52,1.45011,0,0.972702,0.4237775,1.496035,3.45664,1.0352545,0.9828965,0,0.3027475
0,0.020053388,4.343805422,5.78,121.1,2.94,0.5,5,4,0,87,10,0,0,39,0.4183335,0,0.4745725,0.05886725,0.1745141,0.86036575,0.14445,0.4931285,1.21681875,2.11229875
0,0.017271599,5.043425117,5.26,27,3,0.5,12,0.5,0,85,10,0,0,60,0.8811365,0,0.86674,0.148503,2.23449,0.2444755,0,0.163193,1.254799,1.406645
0,0.016774261,5.192956851,5.53,38.4,1.06,0.1,20,0.1,0,91,5,0,0,60,3.28864,0,1.19128,0,2.53622,3.571805,0,0.263095,1.55205,0.2624455
0,0.017627341,4.941642423,5.57,17.6,2.35,0.1,15,1,0,75,10,0,0,60,1.33368,0,0.3728295,0.16634,2.158665,0.5590085,0,0.1088793,1.338965,0.449168
0,0.018358116,4.744932128,5.29,23.4,2.75,0.1,15,2,0,83,10,0,0,60,2.887435,0,0.4987245,0.1236815,3.05269,2.869075,0,0.155409,1.27354,0.9516606
0,0.017784986,4.8978398,4.89,16.6,2.29,0.1,15,0.5,0.1,85,10,0,0,60,3.08604,0,0.4291975,0,2.339515,3.05487,0,0.1188138,1.466535,0.228357
0,0.015020973,5.799092654,4.92,20.4,2.57,0.5,30,0.5,0.1,90,5,0,0,60,2.040855,0,0.5158275,0.123502,2.869655,1.39129,0,0.0670434,1.405085,0.295967
0,0.014696997,5.926926026,4.99,19,3.94,0,25,1,0.1,83,7,0,0,60,2.89861,0,0.342481,0,3.03408,2.841455,0,0.23914,1.17199,0.3535425
0,0.01518468,5.736572297,5.25,24.5,2.42,0.1,0,0.5,0.1,80,5,0,0,60,1.49911,0,0.5441945,0.1461735,2.04927,0.721625,0,0.1938705,1.515915,0.05303045
0,0.015611511,5.579729826,5.3,28.8,1.69,0.1,25,1,0.1,80,5,0,0,60,2.315415,0,0.533913,0.1998675,2.58055,1.237975,0,0.424665,1.235665,0.2884765
0,0.015719883,5.541263545,5.05,26.9,2.99,0.1,30,0.1,0.5,73,7,0,0,52,4.79648,0,0.808766,0,4.806145,5.86014,0,0.191868,2.00325,0.9641485
0,0.013432986,6.484635236,5.08,23.5,1.6,0.1,40,1,0.1,82,10,0,0,60,1.010119,0,0.497941,0.1481485,1.32838,0.616335,0,0.56918,0.300176,0.5161965
0,0.013118922,6.639875834,5.11,21.5,2.82,0.1,25,0.5,0.1,79,6,0,0,60,1.4687335,0,0.2475725,0.08693125,1.3128545,0.1998215,0,0.431839,0.1608095,0.4115205
0,0.013253845,6.572282543,5.32,24,1.53,0.1,30,0.5,0.1,85,10,0,0,60,0.51533,0,0.4049695,0.1272613,1.378715,0.227983,0,0.4083175,0.172876,0.235655
0,0.013634997,6.388561406,5.29,22.1,2.6,0.1,30,1,0.1,80,15,0,0,60,1.11024,0,0.7150415,0.148723,2.14557,0.662986,0,0.10758175,1.2866,1.3668005
0,0.013886453,6.272877007,5.13,29.6,4.69,0.1,15,1,0.1,87,10,0,0,60,0.78536,0,0.3767065,0.0444774,1.2079,0.3536555,0,0.4062125,0.237958,0.6534325
0,0.012097621,7.200424893,4.78,12.8,4.93,0.1,15,0.5,0.1,64,20,1,0,38,1.120025,0,0.372324,0.235295,1.947855,0.7053265,0,0.0198959,0.876536,1.7986095
0,0.012264417,7.102499356,5.11,16.3,3.13,0.1,20,0.5,0.1,73,7,0,0,60,1.75975,0,0.408622,0.17537875,2.23384875,1.255715375,0,0.167479238,1.171754375,1.425626875
0,0.01201267,7.251344983,5.32,24,2.52,1,20,0.5,0.1,69,10,1,0,27,1.698445,0,0.3098905,0.1579135,1.906915,1.31009,0,0.02656705,1.4686565,3.3622305
0,0.012406633,7.021083964,5.27,18.3,1.8,0.1,30,0.5,0.1,62,10,3,0,26,2.20293,0,0.388254,0.1625705,2.282705,1.845125,0,0.118686,1.241995,0.285098
0,0.012406633,7.021083964,5.51,30.2,2.7,0.1,30,0.5,0.1,83,10,0,0,60,2.0176,0,0.5640195,0.145736,2.79792,1.16232,0,0.504768,1.09983,0.2565695
0,0.129406181,3.091042453,6.76,216,3.8,0.5,7,1,0,93,5,2,0,34,1.790815,0,2.750735,0.263876,2.241445,0.5663825,0,0.96052,2.939845,4.498255
0,0.144269504,2.772588722,6.76,216,3.8,0.1,4,2,0,90,5,5,0,48,1.790815,0,2.750735,0.263876,2.241445,0.5663825,0,0.96052,2.939845,4.498255
0,0.096179669,4.158883083,5.51,47.7,2.08,0.5,30,1,0,88,7,0,0,43,0.447789,0,0.664959,0.175487,1.393605,0.053789,0,0.642387,1.303215,0.527636
0,0.092085156,4.343805422,6.29,56.1,0.87,0.1,30,0.5,0,84,5,1,0,28,1.235275,0,0.7001005,0.1516655,1.592425,0.4751329,0,0.1926295,1.57847,2.025695
0,0.102779668,3.891820298,6.09,46.5,1.17,0.5,15,4,0,90,5,0,0,49,1.92233,0,0.2876385,0.09923085,0.99088815,0.923969,1.161225,0.4286165,1.52571,0.0675966
0,0.10074826,3.970291914,5.6,65.6,1.42,0.5,20,2,0,92,5,3,0,56,1.951435,0,0.5590105,0.1181485,1.208435,0.7481295,1.170975,0.7759605,1.276635,0.8352675
0,0.096545255,4.143134726,5.77,72.7,0.95,1,40,0,0,79,5,1,0,29,1.7812,0,0.379456,0.0493533,0.509479,0.6212695,1.19469,0.2356565,1.58843,0.4247735
0,0.079936909,5.003946306,5.74,22.3,0.47,0.1,35,0.1,0,73,5,2,0,26,0.608533,0,0.45285695,0.0226353,0.814688,3.397445,0,0.540272,3.087495,1.55258
0,0.078527604,5.093750201,5.53,25.1,1.09,0.1,35,0.1,0,79,5,1,0,33,1.7544,0,0.5968445,0.117535,0.943011,0.547604,1.190695,0.3377325,1.586725,0.1897395
0,0.082708165,4.836281907,5.41,54.3,2.23,0.1,25,0.5,0,84,5,1,0,41,1.50696,0,0.444537,0.1827725,0.215977,0.424914,1.18641,0.4703965,1.53608,0.714326
0,0.086125395,4.644390899,6.26,12.4,3.6,1,25,0.1,0,68,10,2,0,33,1.953365,0,0.1101105,0.1254985,0.8963455,0.942137,1.159945,0.559617,1.519605,4.227715
0,0.076081855,5.257495372,5.31,324,0.92,0.1,30,0.1,0,80,5,0,0,39,1.16085,0,7.94616,0,3.123415,0.1364825,0,0.172475,2.93442,1.770195
0,0.068797905,5.814130532,6.53,20.1,1.67,0.1,40,0.5,0,80,5,0,0,47,0.844567,0,0.266383,0.0392335,0.2612255,3.396205,0,0.420138,1.358965,0.7196525
0,0.06748861,5.926926026,5.16,12.5,3.25,0.1,30,0.1,0,63,5,2,0,21,0.6275835,0.0677422,0.175047,0.01980839,0.591337,0.979481,0.21890125,0.2181988,1.084027,3.9231225
0,0.069926259,5.720311777,5.4,22.8,1.97,0.5,30,0.1,0,75,5,0,0,26,0.3919445,7.1932e-4,0.404109,0.0362972,0.432281,0.9925985,0.07660275,0.34444825,1.5011075,1.742423
0,0.071215293,5.616771098,4.97,26.8,0.57,0.5,40,0.1,0.1,67,3,0,0,42,0.6902985,0.002745655,0.7975325,0.0901652,0.4244885,0.5353225,0.4651825,0.4866085,1.519675,1.76495
0,0.067190265,5.953243334,5.16,20,2.02,0.1,25,0.1,0.1,64,5,1,0,48,0.638598375,0.017801794,0.410767875,0.046376073,0.427333,1.47590175,0.190171625,0.367348388,1.365943625,2.037537
0.5,0.062611905,6.388561406,5.15,22.9,1.13,0.1,40,0.1,0,79,10,1,0,32,0.512479,0.0340546,0.819754,0.06504205,0.5859915,1.15696675,0.279461,0.43093275,1.4590975,1.97020825
0,0.062289556,6.421622268,5.6,65.6,3.88,0.5,30,0.1,0.1,78,5,2,0,31,0.7856335,0,0.551151,0.0795178,1.092954,3.41602,0,0.282762,1.23565,0.716881
0,0.062133493,6.43775165,5.42,22.1,3.64,0.1,25,0,0,80,5,0,0,58,1.18723,0,0.571496,0.2959585,0.9919295,3.39226,0,0.4644185,1.199765,0.573393
0,0.064468737,6.204557763,4.83,22.3,2.36,0.1,40,0.1,0,87,5,0,0,49,0.8742185,0,0.4157099,0.2091178,1.462695,0.6862805,0,0.3101945,1.0096285,0.5677855
0,0.062056684,6.445719819,5.11,21.6,0.73,0.1,50,0.1,0,90,5,0,0,51,0.6402385,0.01690655,2.908935,0.181729,0.960591,0.482237,0.81729975,0.594335,1.6839375,1.9606185
0,0.059198461,6.756932389,5.16,12.9,1.27,0.1,35,0.1,0,83,10,2,0,56,1.449265,0,0.16940685,0.01063125,2.046625,1.40415,0,0.4233015,0.5484685,1.0606635
1,0.058206133,6.872128101,5.23,14.1,1.85,0.1,40,0.1,0,88,8,0,0,55,0.781581,0,0.0416869,0.0210503,1.0571,0.415448,0,0.3422955,0.2768525,0.5868395
0.5,0.057699676,6.932447892,5.13,12.8,1.33,0.1,30,0.5,0,90,2,0,0,42,1.120307,0,0.13311285,0.1075368,1.363145,0.5528205,0,0.428443,0.6450555,0.7987845
0.5,0.058707456,6.8134446,4.74,20,1.43,1,30,0.1,0,80,10,0,0,38,1.24152,0,0.195602,0.06562165,1.393715,1.038565,0,0.4156745,0.09574985,0.5775845
0,0.0596187,6.70930434,4.93,17.8,0.83,0.1,25,0.1,0,85,5,0,0,36,0.344296,0,0.555798,0.1095827,0.9370985,0.2426175,0,0.385893,0.4145405,0.5426195
1,0.212619326,3.135494216,7.74,62.2,55.63549161,0,0.5,0.1,0,59,30,7,0,7,5.147185,0,1.81221,0.00249767,4.22458,1.349535,1.396515,3.948875,0,7.766895
0.2,0.157451558,4.234106505,5.78,25.9,31.17569353,0.1,0.5,0,0.5,54,15,11,0,12.75,0.7896595,0,0.0605247,0,0.9787865,10.52915,0,6.080135,7.925645,6.831545
0.5,0.165616999,4.025351691,5.59,24.6,48.18560381,1,2,0.1,0.5,50,10,9,0,9.75,0.46802075,0.01355015,0.167820125,0.049696625,0.40505575,0.729484675,0,0.2893098,4.302565,3.771225
0.2,0.169556519,3.931825633,6.01,46.9,30.46309696,0.1,2,0.5,0.5,57,30,3,0,9,0.3564545,0,0.05175485,0.004392,0.812663,0.2681855,0,0.343537,2.460645,3.14229
0,0.170414812,3.912023005,6.27,43.3,48.65609924,0.1,1,0.1,0,58,20,12,0,13,1.392405,0,0.2757665,0,0.9941045,0.887191,0,0.871668,0.5249485,3.638415
0.5,0.132526567,5.030437921,6.3,16.7,49.18975431,0.1,0.1,0.1,3,47,25,8,0,16,0.79262675,0.009853758,0.16801045,0.0339234,1.14037575,1.08532825,0,0.4386325,1.27453475,2.7109975
1,0.129659722,5.141663557,5.68,43.2,64.40422323,0.5,1,0.1,0.5,36,35,14,0,16.75,0.45583,0,0.970707,0,0.325253,0.06038385,0.3557725,0.7599,0.447194,2.0365
1,0.12559025,5.308267697,5.13,16.8,56.26385809,0.5,0.5,0.1,0.5,56,30,4,0,16,1.0808235,0,0.03455505,0.003250225,1.45467,1.533575,0,0.314484,0,0.49084
1,0.141829476,4.700480366,5.31,19.6,49.82142857,0.5,0.5,0,5,52,15,13,0,10.25,1.968735,0,0.1756545,0.00174478,1.902505,2.55595,0,2.580895,3.651475,1.2841215
0.5,0.14050078,4.744932128,7.12,44.9,59.03398927,0.1,0.5,0,5,41,20,14,0,9.75,1.081351,0,0.1126685,0.002236395,1.281805,10.40445,0,6.104535,7.91183,6.562215
1,0.116148209,5.739792912,6.8,66,64.19566314,0.5,0.1,0.1,1,50,20,10,0,20.75,0.759514,0,0.04205875,0,0.408487,0.4094245,0,0.536957,0.265947,3.627375
2,0.11011204,6.054439346,7.25,98.5,49.86025713,0.5,0.5,0.5,5,48,20,5,0,5.75,1.138265,0,0.0451541,0.003590205,1.598075,10.33325,0,6.07907,7.9088,5.45596
3,0.113261108,5.886104031,6.86,151.1,68.30517153,0.1,1,0.1,10,33,35,16,0,11.75,1.128999,0,0.1160319,0.00561743,1.92801,1.45717,0,0.351106,0.247658,8.08839
0.5,0.124457375,5.356586275,5.79,15.5,41.05925537,0.1,1,0.1,1,56,15,4,0,13.75,1.2254,0,0.04598455,0.003936255,0.5880415,0.1007227,0,0.264416,2.17648,0.2982685
2,0.122109392,5.459585514,7.02,135.5,59.87804878,0.1,0.5,0,3,43,50,5,0,15.75,0.583635,0,0.05599505,4.26011e-4,0.6487605,4.11831,0,2.673055,3.44549,5.25856
0.2,0.102472916,6.50578406,4.7,26.6,63.32480818,0.5,1,0,0.1,47,30,13,0,11.5,0.466116,0,0.0522949,0.001938244,0.92742,4.13992,0,2.688505,3.65442,1.184275
1,0.096981003,6.874198495,5.89,58.4,58.1685744,0.1,0.5,0.1,0.1,42,30,8,0,22.75,0.5814555,0,0.0511457,0,1.080165,4.05144,0,2.75105,3.192725,3.962775
2,0.100724121,6.618738984,6.68,109,68.89848812,0.1,1,0.1,0.5,51,10,24,0,12.5,0.479461,0,0.06892075,0.00203248,0.564828,4.15294,0,2.69783,3.410105,4.52594
2,0.109486246,6.089044875,7.23,104.6,67.90193843,1,0.1,0.1,3,27,40,18,0,5.25,0.7854885,0,0.14202785,0.009103185,0.8981415,1.081755,0.4397265,0.341817,0.46727,7.977005
2,0.107378111,6.208590026,5.33,23.3,62.53413435,0.1,1,0.1,0.5,51,20,19,0,11.5,0.4504675,0,0.0516269,0.00420737,0.9154375,0.139645,0,0.271405,2.409315,7.859339
1,0.097580679,6.831953566,6.37,26.5,60.98901099,0.1,0.5,0.1,0.5,61,20,8,0,23.5,0.977252,0,0.1016608,0,0.7669205,0.58359,0,0.543473,0.3833385,3.39648
0.5,0.096193229,6.930494766,4.78,10.7,37.06166868,0.5,1,0.1,0.1,50,15,4,0,28.5,1.0793445,0,0.07919575,4.55494e-4,1.596585,1.518575,0,0.291684,0.2427505,1.437492
1,0.097010221,6.872128101,6.93,109.4,69.55208858,0.5,0.1,0.1,0.1,48,15,12,0,23.75,0.541534,0,0.03077705,0.003352245,0.8440875,0.6773015,0,0.4264885,2.50838,4.905495
1,0.094748806,7.036148494,5.46,16.9,68.50828729,0.1,0.5,0.1,0.1,54,10,16,0,20.5,0.8126255,0,0.0789299,0,0.685339,0.465227,0,0.553951,1.121127,3.614255
1,0.09859639,6.761572769,4.76,15.7,58.32376579,0.1,1,1,0.1,47,15,8,0,14.5,0.5981545,0,0.004950445,0.01502805,1.251057,3.90036,0,2.660665,3.211845,1.766308
0,0.086784812,2.708050201,6.92,214,14.82,0.1,15,3,0,70,20,10,0,6,0.864167,0,1.31496,0.214665,1.753895,0.129837,0,0.463799,1.530265,5.824065
0,0.091626615,2.564949357,7.22,633,14.98,0,5,5,0,68,20,12,0,7,6.77508,0,2.942995,0.260858,3.951155,4.318505,0,2.18359,1.585815,6.824315
0,0.069098497,3.401197382,7.2,447,9.24,0.1,10,6,0,77,20,3,0,6,2.13114,0,2.78171,0.3523805,2.833985,1.278295,0,1.988035,1.56076,5.78728
0,0.05629991,4.17438727,6.95,117.4,1.66,0.1,45,5,0.1,91,2,0,0,5,1.6411615,0,0.542912,0.1093406,1.713925,0.450214,0,0.5019195,0.213359,5.48936
0,0.05629991,4.17438727,6.32,53.2,2.16,0.1,50,1,5,86,2,2,0,8,0.4204175,0,0.24185865,0.077861975,0.667173,0.4269535,0,0.437311,0.3352305,2.516725
0,0.05629991,4.17438727,6.18,78.2,2.46,0.5,60,0.5,0.1,91,2,2,0,11,0.6412725,0,0.153737,0.0731308,1.020974,0.6361835,0,0.7231055,0.3810655,1.99967
0,0.061738498,3.80666249,6.95,216,2.62,0,40,3,0.1,94,1,2,0,7,0.7533445,0,1.35927,0.1470974,1.75168,0.326062,0,0.564055,0.2078,5.41847
0,0.053632177,4.382026635,7.01,361,2.75,0.1,25,5,0,97,2,1,0,7,1.71678,0,3.296775,0.305765,2.07971,0.930084,0,1.11797,1.38584,4.74856
0,0.04576068,5.135798437,6.57,91.2,2.69,2,40,0.5,3,92,3,0,0,15,0.567978,0,0.7664895,0.1470875,1.056785,0.4072615,0,0.3267245,0.3594545,1.44877
0,0.046307306,5.075173815,6.24,96.7,4.88,2,25,0.1,3,91,2,3,0,12,0.9441435,0,0.3977265,0.04824365,1.260475,0.5885605,0,0.3688625,0.202905,2.314655
0,0.048282684,4.86753445,5.94,35.3,6.71,1,30,0.1,0,92,3,3,0,10,0.687822,0,0.4377615,0.0933393,1.0166205,0.62017,0,0.362688,0.2405405,1.37809
0,0.04576068,5.135798437,7.12,104.8,3.42,2,40,0.1,2,91,2,2,0,9,0.3876875,0,0.714659,0.1127795,0.844998,0.09682305,0,0.368699,0.506369,4.537225
0,0.048282684,4.86753445,6.38,165.2,8.37,0.5,40,2,0.5,86,5,8,0,7,4.342985,0,7.082445,0.527725,1.38506,0.632183,0,0.445516,0.135354,3.147505
0,0.040421801,5.814130532,5.65,36.2,4.71,2,25,0.5,5,74,3,3,0,10,0.912432,0,0.1201868,0.1337565,0.6954035,0.499028,0,0.153999,0.05884655,1.15631
0,0.040218335,5.843544417,6.85,57.6,3.48,0,30,0.1,5,76,2,2,0,8,1.508095,0,0.08117405,0.288786,1.407795,0.7324955,0,0.172046,0.10809,1.76181
0,0.041450187,5.669880923,5.64,31.9,6.93,0.5,30,0.1,1,85,3,2,0,19,1.61105,0,0.1668305,0.224387,0.9525155,0.486695,0,0.1871255,0.351371,0.8217225
0,0.039927535,5.886104031,7.01,61.8,2.11,2,10,0,5,74,2,4,0,12,0.796851,0,0.156155,0.2505795,0.664378,0.288496,0,0.07891125,0.2292,1.97397
0,0.042119894,5.579729826,6.91,98.1,4.44,1,20,0.1,5,74,2,4,0,9,1.230575,0,1.679735,0.1546865,1.197904,0.350012,0,0.1049165,0,2.30831
0,0.036285106,6.476972363,5.54,48.9,3.78,0.1,15,0,10,65,5,0,0,10,2.05179,0,0.5383075,0.21272,0.922164,0.675534,0,0.232833,0.328462,1.17204
0,0.037245748,6.309918278,7.01,76.1,1.21,1,15,0,5,84,2,4,0,14,0.785,0,0.67,0.03,0.66,1.8171475,0.46839625,0.30033125,1.65361,5.01245
0,0.036157743,6.499787041,6.47,50.4,1.99,0.1,30,0.1,5,80,3,2,0,11,1.402005,0,0.2876455,0.3,0.5410345,0.5810785,0,0.1314385,0,1.428095
0,0.036034082,6.522092798,6.91,98.4,3.39,0.1,20,0.1,20,62,5,3,0,10,1.54678,0,0.3427605,0.2221465,1.225745,0.5032505,0,0.1276975,0,2.01814
0,0.036885114,6.371611847,5.88,35.7,5.2,0.1,30,0.1,15,67,1,2,0,10,1.47282995,0,0.328045,0.2838295,1.1472255,0.7100615,0,0.1211035,0.2223778,1.315935
0,0.034448963,6.8221973910000004,5.4,51,3.67,2,30,0,0,66,2,2,0,17,0.00444973,0,0,7.74772e-4,0,3.40284,0.774354,0.3086625,4.19987,7.234915
0,0.033949114,6.922643891,6.1,104.9,11.26,3,40,0.1,40,61,5,4,0,17,2.840625,0,0.7843345,0.3911465,1.49765,0.698418,0,0.504617,0,0.6485255
0,0.034811746,6.751101469,6.56,65.9,8.08,0.5,40,0.1,0,63,5,2,0,21,2.67882,0,0.8386825,0.2536295,0.9257195,0.7917455,0,0.204349,0.15039385,2.02312
0,0.034432496,6.825460036,5.42,44.6,5.26,0.5,20,0,5,86,3,1,0,18,1.0726,0,0.501494,0.2259695,1.162135,0.596316,0,0.517972,0,0.3755705
0,0.034022286,6.907755279,5.58,36.7,10.92,2,20,0,2,69,7,4,0,12,1.31777,0,0.210983,0.313346,0.904685,0.2555035,0,0.134284,0.16539245,0.466121
0,0.072174746,2.995732274,6.94,421,10.56,0.5,7,4,0,89,10,1,0,11,2.08809,0,5.815775,0.3675495,2.832555,2.116315,0,1.130445,2.77799,5.168075
0,0.134342689,1.609437912,7.18,410,5.73,0,7,0.5,0,91,7,2,0,7,1.7126235,0,2.4050927,0.2196875,1.7630135,1.2084195,0,1.8591385,1.439614,0.971184
0,0.052808505,4.094344562,6.53,127.2,3.33,0.1,30,3,0,67,3,0,0,21,1.084539,0,0.9458145,0.10059065,2.18213,0.6707635,0,0.773631,0.1426707,2.247215
0,0.049483647,4.369447852,6.27,36.7,2.21,0.5,35,0.5,5,74,5,1,0,12,0.781233,0,0.294922,0.0925586,1.26484,0.523522,0,0.462635,0.2542755,1.260745
0,0.052596169,4.110873864,6.31,65.5,9.13,0.1,20,2,0.5,70,4,1,0,10,1.065051,0,0.664774,0.208128,1.194627,0.339804,0,0.5675435,0.1484429,2.194565
0,0.056799419,3.80666249,6.21,105.9,5,0.5,15,4,0.5,80,5,0,0,11,1.56564,0,0.87281,0.126855,1.973285,0.7784145,0,1.2317,0.3713255,2.1367
0,0.057847867,3.737669618,6.56,179.4,2.61,0.1,40,2,0.5,45,5,0,0,15,3.992665,0,1.2171,0.1195335,2.0539,3.642625,0,0.6700845,0.2382895,1.740245
0,0.042602721,5.075173815,6.37,46.6,3.62,1,40,0,20,55,5,0,0,36,0.496102325,0,0.296138343,0.066280505,0.3925,1.867255,0,0.33089525,2.1066275,3.145575
0,0.045162734,4.787491743,6.64,46.6,3.85,0.5,40,0.5,3,73,5,2,0,53,0.6261265,0,0.912711462,0.090298093,0.420398236,2.00771,0,0.3773805,1.3428875,4.6185875
0,0.047479592,4.553876892,6.02,38.2,3.23,0.5,35,1,1,74,5,1,0,52,0.311162775,0,0.318567883,0.010302867,0.160279268,1.957735,0.045,0.3962035,2.52758,3.239175
0,0.045567821,4.744932128,5.54,28.8,5.12,1,25,0.1,1,74,5,1,0,30,0.010548435,0,7.5301e-4,0.001643075,0,3.471425,0,0.363858,2.725105,3.677355
0,0.046458543,4.65396035,5.77,30.5,1.83,2,45,0.5,5,69,5,1,0,18,0.4572373,0,0.245247113,0.0696345,0.255146472,1.92907,0,0.680592,1.646395,3.155995
0,0.03648033,5.926926026,6.39,50.8,2.93,0.5,40,0.1,2,73,5,2,0,11,1.879625,0,0.515229,0.1793428,1.242695,0.9007525,1.16375,0.7336845,1.31784,1.452352
0,0.036087373,5.991464547,6.46,79.6,2.93,0.1,40,0,5,82,3,0,0,18,1.82654,0,0.5168205,0.0928265,1.2108,0.7923955,1.170145,0.7171085,1.339945,2.01005
0,0.036647454,5.899897354,5.08,15.8,13.08,1,7,0.1,15,56,10,4,0,12,1.85929,0,0.569557,0.1306085,1.0546145,0.6736745,1.187385,0.758885,1.238825,2.33269
0,0.038883042,5.560681631,5.96,21.4,1.03,0.1,30,0.1,15,62,3,0,0,24,1.65441,0,0.7143395,0.1360095,0.82376,0.599801,0.5849,0.717639,0.69914,1.9685365
0,0.038134172,5.669880923,6.45,35.8,1.12,0.5,40,0.1,20,66,3,1,0,37,1.89453,0,0.61846,0.0758915,1.20566,0.720438,1.18211,0.6424585,1.310615,0.5343085
0,0.033627628,6.429719478,6.22,53.4,5.94,0.5,30,0.1,15,79,5,1,0,56,1.85198,0,0.316728,0.1489135,1.0259695,0.5619895,1.17912,0.531544,1.4598,0.0270032
0,0.034120587,6.336825731,5.4,31.9,7.63,0.1,20,0,5,64,5,1,0,32,0.9810365,0,0.392451,0.10258835,1.873575,0.7372805,0,0.4144545,0.507658,1.0418595
0,0.03367003,6.421622268,5.46,34,6.52,0.1,30,0.1,2,77,7,1,0,39,2.5354,0,0.544909,0.12444325,2.02523,1.633205,0,0.4215745,0.771065,1.77718
0,0.034026381,6.354370041,5.53,25.9,4.07,0.1,15,0.1,2,81,7,2,0,9,1.012985,0,0.386876,0.184379,2.03848,2.680344,0,0.6598285,0.511423,0.990981
0,0.034962971,6.184148891,6.13,48.4,4.51,0.5,30,0.5,1,85,5,0,0,28,0.451983,0,0.5751375,0.15363,1.813395,0.09859185,0,0.07144235,1.04834875,2.12087
0.5,0.031632828,6.835184586,5.5,17.2,3.29,0.1,20,0,0.1,79,5,1,0,41,0.44258,0,0.48048,0.05368995,0.4314145,0.8000175,0.2301255,0.32819475,1.63220225,1.7470125
0.5,0.031392314,6.887552572,4.76,12.6,4.46,0.5,20,0,0.1,65,4,1,0,22,0.5874725,0,0.6475575,0.05578,1.39313,0.7835245,0,0.363406,1.528855,0.940987
0,0.031123789,6.946975992,5.29,13.4,3.798849845,0.1,15,0.1,0.1,65,5,0,0,42,0.701578,0,0.933295,0.249655,1.634755,0.6268525,0.0986391,0.3447955,1.52475,0.9927215
0,0.031534663,6.856461985,5.55,40.6,4.13,0.1,30,0,10,87,3,0,0,0,2.319915,0,1.24977,0.2454875,1.91919,0.5931135,0,0.5736035,1.525335,0.953841
0,0.032082715,6.739336627,4.92,14.4,3.33,0.5,30,0.1,3,70,5,0,0,15,1.244515,0,0.07410965,0.0340279,0.8730225,0.843719,0,0.431559,1.526555,0.969456
0,0.087404995,3.17805383,6.46,134.8,12.08053691,0,3,1,0,80,20,0,0,60,0.6227245,0,2.427785,0.002902545,1.15018,4.10534,0,1.762015,2.110515,1.568525
0,0.089865404,3.091042453,6.46,134.8,12.5748503,0,5,4,0,80,20,0,0,42,0.6227245,0,2.427785,0.002902545,1.15018,4.10534,0,1.762015,2.110515,1.568525
0,0.069636222,3.988984047,6,81.7,6.499661476,0.1,1,2,0,60,40,0,0,40,0,0,0,0.001055365,2.320355,3.251335,0,2.435755,3.482125,1.4643315
0,0.068123906,4.077537444,5.95,165,8.487084871,0.1,1,0.5,0,74,25,0,0,55.5,1.0636155,0,0.0897681,0.004020655,1.20757,10.4185,0,6.131175,8.001395,7.254845
0,0.064337821,4.317488114,5.99,24.6,9.355509356,2,0,2,0,80,20,0,0,48.5,0.704319,0,0.197375,0,0.56272199999999994,0.316684,0,0.6153875,0.454399,2.99766
0,0.065831798,4.219507705,5.5,17.8,5.491990847,0.1,1,1,0,68,30,2,0,60,0.87591,0,0.1143245,8.8324e-4,1.10095,1.41662,0,0.3336175,0.424081,1.0746725
0,0.069636222,3.988984047,4.62,11.2,7.327586207,0.1,1,1,0,70,30,0,0,60,3.21636,0,0.119826,0,3.810975,2.62101,0.666707,0.264463,0.9158965,0.1983025
0,0.055586548,4.997212274,4.79,12.2,6.796116505,0.1,2,0.1,0,99,0,0,0,44.25,1.288145,0,0.02722055,0.001412475,1.790885,3.47719,0,2.668205,3.73078,1.28275
0,0.054024884,5.141663557,4.88,15.8,12.92134831,0.1,2,0,0,69,30,0,0,51.5,0.894128,0,0.003477735,0.00140487,1.120767,3.799105,0,2.70539,3.684375,1.30166
0,0.059565006,4.663439094,5.34,14,6.430155211,0.1,0.5,0.5,0,60,40,0,0,60,1.1037465,0,0.049028,0.006631575,1.1238575,10.3467,0,6.15684,7.915665,7.115475
0,0.054338506,5.111987788,6.2,28.1,6.393442623,0.1,1,0.1,0,77,20,0,0,50.25,2.117803,0.005067675,0.32860325,0.0572978,1.508709,1.6595522,0,0.221232775,2.5506875,2.40314
0,0.053606596,5.18178355,4.87,18,5.991902834,0.1,5,0.1,0,65,30,0,0,56.75,1.05679,0,0.07956825,8.99666e-4,1.338665,0.565856,0,0.597401,6.20551,5.33729
0,0.048643959,5.710427017,5.05,10.8,9.117997616,0,6,0.5,0,55,40,0,0,60,1.71295,0,0,4.26017e-4,1.59681,3.237335,0,2.708535,3.62811,1.785066
0,0.049584414,5.602118821,4.73,13.6,12.5293657,0.1,10,0.5,0,68,30,0,0,60,1.0174485,0,0.0741901,0.414518,1.31746,10.3179,0,6.08356,7.9748,7.20198
0,0.047395992,5.860786223,4.78,17.7,9.924018,0.1,4,0.1,0,64,35,0,0,60,0.680823,0,0.09552415,8.4772e-4,0.993913,0.518792,0,0.4364015,2.35097,0.242527
0,0.046599149,5.96100534,5.12,22.4,7.509881423,0.1,5,0.1,0,71,25,0,0,60,1.706315,0,0.154307,6.0599e-4,1.16945,1.56552,0,0.5413815,0,1.331362
0,0.051121087,5.433722004,4.73,11.3,10.53882726,0.1,4,0.1,0,73,25,0,0,60,0.866778,0,0.003538865,9.34609e-4,0.96404,3.91216,0,2.64174,3.641375,1.596435
0,0.042571113,6.525029658,5.44,11.1,9.49197861,0.1,0.1,0,0,58,40,0,0,60,0.555298,0,0.1601875,0.00556867,0.5789795,1.0053625,0,0.377759,0,1.21773
0,0.044047836,6.306275287,4.69,15.2,12.37482117,0.1,2,0,0,60,35,0,0,60,0.897261,0,0.09129915,0.00195103,1.239705,1.94111,0,0.5146755,0,2.2703405
0,0.042105752,6.597145702,4.68,11.9,7.318894698,0.1,0.1,0,0,30,70,0,0,60,0.628242,0,0.02053208,0.00145542,0.605202,1.2175955,0,0.3760175,0,0.3894535
0,0.04223813,6.576469569,5.09,42.5,11.17424242,0.1,2,0.1,0,57,40,0,0,33.25,1.388242,0,0.00507105,0.01984924,1.886155,3.564585,0,2.547425,3.11329,0.0472379
0,0.044242547,6.278521424,4.57,10.6,8.923512748,0.1,5,0.1,0,59,40,0,0,58,0.883477175,0,0.09692045,0.00432367,0.23137225,0.469671,0,0.122169975,1.70776475,0.69038825
0,0.040052335,6.935370446,6.4,13.5,9.438202247,0.5,1,0,0,57,40,0,0,60,0.90410725,0.2950195,0.12863375,0.044019638,1.18373825,2.862485,0,1.3246775,2.93382,1.71011
0,0.039069267,7.109879463,4,12.3,9.172932331,1,0.1,0,0,60,35,0,0,60,0.61885875,0.0420231,0.1418031,0.039162285,0.788899,1.229245,0,0.195881,1.2184125,1.308811
0,0.038622184,7.192182059,5.05,13.8,11.517367459999999,1,2,0,0,75,5,0,0,60,3.092315,0,0.295091,0.0053112,3.77683,2.793715,0.7386805,0.3088005,1.076862,1.7767515
0,0.040306567,6.891625897,5.18,14.2,11.23491179,0.1,1,0.1,0.1,70,5,0,0,42,0.663119,0,0.0626922,8.82285e-4,0.854102,3.796805,0,2.65556,3.760805,0.711985
0,0.041210145,6.74051936,5.02,23.2,50.04405286,2,0.1,0.5,0,70,5,0,0,43,0.428185,0,0.17464925,0.07079525,0.39744125,0.20746075,0,0.4265955,1.5498425,1.6131975
0,0.084864414,2.772588722,7.25,84.5,19.46133797,0.1,0.1,2,0,83,15,2,0,41.25,0.948791,0,0.133772,0.001216115,0.0576634,0.5183245,0,0.24768,3.317735,1.751119
0,0.070612148,3.33220451,7.1,67.5,21.03559871,0.1,1,1,0,82,15,3,0,30.5,1.525215,0,6.32872,0.001835009,3.55416,3.62682,0,0.8197625,1.4376,5.83698
0,0.054667881,4.304065093,7.08,116.3,36.9047619,0,2,0.5,0,76,15,6,1,18,0.592078,0,1.19851745,0.019766718,0.53351095,0.569158275,0,0.27772575,2.3360195,2.95465425
0,0.05484124,4.290459441,6.97,71.7,30.42071197,0,2,0,0,76,20,4,0,21.25,1.617545,0,0.222802,0.0904642,1.97811,2.92525,0,0.898669,2.73887,4.75135
0,0.056576276,4.158883083,7.4,96.2,27.27272727,0,3,0.5,0,77,20,3,0,26.25,0.462286275,0,0.38589385,0.087914528,1.29737175,1.43028045,0,1.338168,2.5724875,6.93007
0,0.058715886,4.007333185,6.74,152.6,13.17567568,0.1,2,0.5,0,83,15,2,0,27.75,0.5928215,0,2.111085,8.92249e-4,1.08515,4.069135,0,2.11177,3.193855,2.94342
0,0.053849851,4.369447852,7.4,69.5,12.74817137,0.1,2,1,0,77,20,1,0,24,1.43374,0,0.170168,8.23435e-4,0.00307408,0.812092,0,0.186679,2.930035,1.1539295
0,0.047085076,4.997212274,6.72,74.1,24.49464923,0.1,1,0,0,78,15,2,0,25.25,0.78617,0,0.001222625,0.002853575,1.128915,4.026295,0,2.67616,3.63115,4.219835
0,0.046192708,5.093750201,7.38,59.2,36.12228479,0.1,0.5,0,0.1,63,15,10,1,20.5,1.502775,0,0.224602,6.37975e-4,1.776875,3.84953,0,0.6898835,0,4.375855
0,0.049147681,4.787491743,7.12,62.5,22.76029056,0.1,2,0,0,72,20,3,0,25.75,1.0360125,0,0.03210475,0.002007525,1.355215,10.39425,0,6.13215,8.02619,5.88495
0,0.044665993,5.267858159,6.74,67.5,21.10894942,0,2,0.1,0.1,73,15,2,0,20.75,0.4431585,0,0.03091915,9.84565e-4,0.5783805,0.9888095,0,0.374514,0,3.98786
0,0.048651862,4.836281907,6.86,71.6,27.70475228,0,3,0.1,0.1,78,15,2,0,45.25,1.685815,0,0.00168359,0.002248365,2.660855,2.99037,0,2.333235,3.40184,4.29225
0.5,0.041837373,5.624017506,7.24,76.8,44.01268834,0.1,3,0,0.5,37,20,12,0,22.25,1.084555,0,0.0769506,8.41795e-4,0.8794825,0.662764,0,0.584084,6.69934,6.67499
0.3,0.040659805,5.786897381,6.88,60.2,17.42690058,0,3,0.1,0,44,15,4,0,18.75,1.136085,0,0,0.001551906,1.46873,3.737255,0,2.753635,3.761725,2.07326
0,0.040724866,5.777652323,6.57,55.9,13.49693252,0.1,2,0.1,0.5,59,10,4,0,22.5,0.98687,0,0.084173,0.013481175,1.243935,1.78955156,0,1.404888025,3.9824175,4.294835
0,0.041783923,5.631211782,6.69,61.6,10.42471042,0,1,0,0.1,73,10,2,0,39.75,0.8984125,0,0.0262104,0.003057898,1.077595,10.4745,0,6.10007,8.012635,5.834125
0,0.042255668,5.568344504,7.09,74.5,12.85189718,0.1,1,0.1,0.1,63,15,2,0,28,0.9672755,0,0.02212265,0,1.260255,3.918225,0,2.70417,3.710135,3.316565
0.5,0.037635594,6.251903883,6.85,65.5,47.98083504,0.1,0.5,0,0.1,66,15,14,0,28,0.8177925,0,0.32105,0.0324341,0.6054635,1.02649,0,0.2911665,0,0.848677
0,0.036889056,6.378426184,7.27,68.2,38.08411215,0.1,2,0.1,3,39,10,16,0,30.5,0.7871655,0,0.1153075,0,0.691081,0.552562,0,0.6214085,0.245381,6.695925
0,0.036744185,6.403574198,6.7,60.4,20.66115702,0.1,1,0,1,44,5,1,0,34.5,0.599434,0,0.05983085,0.001325705,0.778676,1.16941,0,0.35292,0,6.55091
0.5,0.037972442,6.196444128,7.05,87.4,42.38856182,0,1,0.1,0.1,64,15,6,0,24.25,0.6265855,0,0.506624,0.0873046,0.89166,10.4538,0,6.14247,8.024345,5.949765
0,0.038642205,6.089044875,7.43,58.1,14.10550459,0,2,0,0.1,69,15,1,0,46.75,0.460294,0,0.017713195,0.005939958,0.578732,0.2246755,0,0.2385915,2.11565,5.028285
0,0.034987798,6.725033642,7.15,57.8,25.44247788,0.5,0.5,0.1,2,54,10,6,0,29.5,1.10294,0,0.09593045,0.00205263,1.274085,3.489665,0,2.74626,3.8411,4.839935
1,0.034601211,6.800170068,6.88,82.3,18.61761427,0.1,0.5,0.5,1,61,10,4,0,30,1.506145,0,0.2194025,8.67102e-4,1.684315,3.000355,0,2.58964,3.76768,4.188415
0.5,0.035063454,6.710523109,7.06,52.5,29.66824645,0.1,0.5,0.5,0.1,68,10,7,0,49.25,0.9567515,0,0.00378295,0.00138246,1.178185,3.8334,0,2.760245,3.851485,3.258475
0.5,0.035279134,6.66949809,6.53,65.9,12.00480192,0.1,2,1,0.1,61,15,4,0,29,0.9514435,0,0.110259,0.003694415,1.169445,3.71137,0,2.61625,3.82208,5.21458
1,0.035219164,6.680854679,6.85,68.4,37.5,0.1,0.5,0.1,0.1,58,10,17,0,38.25,0.205074,0,7.00345e-4,0.00257571,1.98192,1.7714405,0,1.5000325,3.1376,5.79023
0,0.04907126,2.772588722,6.77,112.1,15.95829992,0,0.5,0.5,0,73,20,4,0,8.75,1.052855,0,0,0.002317505,1.564335,3.545575,0,2.529065,3.060495,6.547175
0,0.047071599,2.890371758,6.77,112.1,15.95829992,0,1,0.5,0,78,15,4,0,9,1.052855,0,0,0.002317505,1.564335,3.545575,0,2.529065,3.060495,6.547175
0,0.054752327,2.48490665,6.77,112.1,15.95829992,0.1,0.5,0.5,0,66,20,4,0,10.75,1.052855,0,0,0.002317505,1.564335,3.545575,0,2.529065,3.060495,6.547175
0,0.036173141,3.761200116,6.56,87.3,19.01615272,0.1,1,4,0.1,54,30,6,0,9.5,0.801044,0,0.161633,0,0.8410005,0.4380365,0,0.722639,0.629034,7.065275
0,0.035741131,3.80666249,7.38,71.6,25.04816956,0.1,0.1,0.1,0.1,60,20,5,0,8.5,0.8771285,0,0.0579338,0.1616995,1.34906,10.437,0,6.144525,7.98464,5.34586
0,0.033799388,4.025351691,7.13,76.3,20,0.1,0.1,2,0,49,20,1,0,11.25,0.8638235,0,0.1442125,0,0.6699575,0.3780225,0,0.7458055,0.562035,8.097045
0,0.034268115,3.970291914,7.36,90.9,28.19843342,0,0.5,0.5,0,53,15,2,0,13,0.992362,0,0.0904826,5.60245e-4,0.003781155,1.17233,0,0.264824,3.247135,2.47984
0,0.036173141,3.761200116,7.5,89.8,19.80598222,0,1,3,0,63,15,2,0,11.75,0.926776,0,0.0883924,0,0.87895,0.872291,0,0.2276185,1.683745,1.9142
0,0.027864006,4.882801923,7.54,68.5,24.08637874,0.1,0.1,0.1,0.5,57,10,3,0,23.25,0.445967,0,0.06711405,1.99139e-4,0.15582081,4.036505,0,2.639055,3.642555,5.97181
0,0.029480145,4.615120517,7.48,65,16.3125,0.1,0.1,0,0.1,38,20,2,0,20.25,0.9925855,0,0.03241005,0,0.00532584,0.7748565,0,0.289662,2.76118,7.735285
0,0.030161529,4.510859507,7.41,66.5,21.85840708,0.1,0.1,0.1,0.1,51,15,14,0,6.5,0.586287,0,0.1394325,0,0.7329,0.1527159,0.185236,0.5844805,0.295373,7.53315
0,0.028418727,4.787491743,7.47,68.7,22.70091135,0.1,0.1,0.1,0.5,52,15,3,0,18.75,1.12393,0,0.036802665,0.001484697,0.00361401,1.101265,0,0.2658805,2.675885,5.327685
0,0.030706397,4.430816799,7.2,72.2,26.60633484,0,0.1,0.1,0.1,58,10,2,0,18.5,0.4659435,0,0.07468945,9.52925e-4,0.449568,1.055215,0,0.2376185,3.701465,5.113325
0,0.023784442,5.720311777,7.34,70.9,24.32872254,0.1,0.1,0.1,5,52,5,3,0,20,1.049942,0,0.03684485,0.001757765,0.00298932,1.112096,0,0.357111,4.324235,2.634305
0.5,0.023180702,5.869296913,7.47,74.6,24.21948912,0.1,0.5,0,3,56,15,4,0,11.75,0.641259,0,0.06967775,0,0.5939025,0.9702865,0,0.3816755,0,3.28055
0.5,0.02331771,5.834810737,6.75,50.6,28.26086957,0.1,0.1,0,1,55,15,5,0,12.25,0.5321,0,0.052242,0,0.5058105,4.096345,0,2.674255,3.69422,5.26361
0,0.023690466,5.743003188,7.28,60.8,17.21311475,0.1,0.1,0,0.1,63,20,2,0,18.5,0.5735595,0,0.0309283,8.08435e-4,0.6820485,1.16324,0,0.3315615,0,5.067135
0,0.024787022,5.488937726,6.45,58.2,16.22103387,0.1,0.1,0,0.1,71,10,4,0,10.75,1.1720755,0,0.282899,5.37215e-4,1.55539,1.52105,0,0.425005,0.207762,5.3885
0,0.021376237,6.364750757,6.57,58,29.03225806,0.1,0.5,0.1,3.1,61,15,14,0,13.25,1.339165,0,0.06812,0.00258207,0.0155587,0.6993405,0,0.3240185,2.828565,5.85553
0,0.021417025,6.352629396,7.34,67.4,34.61243285,0.1,0.1,0,4,37,15,38,0,7,1.484835,0,0.05794205,4.08967e-4,0.002587125,0.8801395,0,0.2626325,3.73854,6.058415
0,0.021789043,6.244166901,7,73.9,20.7366985,0.1,0.1,0.1,0.5,72,15,8,0,13,0.64227275,0,0.088117275,0.028390275,0.79395225,5.23870505,0,3.11204065,3.86494,3.04008075
0,0.021434706,6.34738921,6.44,67,29.54719877,0.1,0.1,0,0.5,53,20,12,0,8.75,0.59265350000000006,0,0.0518132,7.9597e-4,0.756464,1.260555,0,0.303486,0,5.91568
0,0.021025906,6.470799504,6.84,75.3,37.86152498,0,0.1,0,0.5,67,15,13,0,13,0.932775,0,0.07303905,3.2586e-4,1.151055,3.78863,0,2.66029,3.544005,4.60751
0,0.020234654,6.723832441,6.65,57.9,44.55882353,0.1,0.1,0.1,0.5,71,10,9,0,14,1.613825,0,0.11814475,0,0.01558233,2.925675,0,2.693245,3.692685,2.635675
0,0.020170445,6.745236349,7.3,72.5,56.67820069,0.1,0.1,0,5,55,25,15,0,7.25,1.66535,0,0.0142052,0.00482876,4.327215,2.34441,0,1.93701,1.959245,4.944035
0,0.019852398,6.853299093,6.91,65.4,34.09542744,0.1,0.1,0,2,67,10,20,0,11.25,1.765775,0,0.0600465,0,0.00217559,0.6954585,0,0.3317715,3.529595,1.970325
0,0.01954175,6.962243464,6.9,58.5,28.08333333,0.1,0.1,0.1,0.5,84,10,3,0,11,0.449606,0,0.05177635,0.00101373,0.519234,4.18609,0,2.75996,3.81381,4.00246
1,0.020289553,6.705639095,6.99,70.1,32.84210526,0.1,0.1,0,0.1,49,20,21,0,9.5,0.6138815,0,0.119874,0,0.798773,0.0829102,0.06683135,0.5357915,0.3436615,6.55345
0,0.095816572,2.48490665,7.03,194.9,6.259620318,0.1,3,4,0,99,1,0,0,60,2.538185,0,2.61508,0.158511,4.358655,2.376605,0.532877,0.458828,1.800635,2.355125
0,0.1112694,2.995732274,7.03,194.9,6.259620318,0.5,2,2,0,98,0,2,0,50.5,2.538185,0,2.61508,0.158511,4.358655,2.376605,0.532877,0.458828,1.800635,2.355125
0,0.08808579,3.784189634,5.76,39,6.280193237,0,2,2,0,97,3,0,0,53,0.619173,0,0.56263,0,2.03606,0.3198215,0,0.654099,0.4377375,2.740365
1,0.089760836,3.713572067,5.14,13,9.60502693,0.5,5,1,0,99,1,0,0,60,0.8701825,0,0.178215,0,1.016671,0.607142,0,0.502267,0.245065,2.50531
1,0.080454379,4.143134726,5.1,10.6,3.266932271,0.1,8,1,0,97,1,2,0,60,0.9958635,0,0.205597,6.53785e-4,1.2066785,10.4163,0,6.146435,8.046865,7.024355
0.5,0.078459152,4.248495242,5.02,18.6,3.336339044,0.1,5,0.5,0,98,2,0,0,60,0.7780465,0,0.328473,0,0.838356,0.4806575,0,0.642159,0.529151,2.94124
0.3,0.08756577,3.80666249,5.07,17.3,3.119584055,0.1,2,1,0,0,0,0,0,60,0.9103325,0,0.1788295,0,0.739533,0.5226765,0,0.526874,0.267426,2.780705
0,0.069037215,4.828313737,4.72,12.6,4.87804878,0.5,5,0.1,0,80,5,0,0,52,0.966009,0,0.002001345,8.36835e-4,1.411565,3.7333,0,2.692265,3.70497,1.36346
0,0.065053801,5.123963979,4.67,8.5,4.172989378,0.1,3,0.5,0,73,25,0,0,60,1.277285,0,0.08503735,0,1.1614155,1.0061905,0,0.5758445,0.333665,2.071585
0,0.070379934,4.736198448,4.2,12.9,2.197802198,0.1,5,1,0,94,5,0,0,60,0.8882505,0,0.0967961,0,0.6275545,0.495159,0,0.5510575,0.2575485,2.993145
0,0.065206207,5.111987788,4.4,10.8,2.498107494,0,5,0.1,0,73,25,0,0,58,0.5761225,0,0.003883445,0,0.6563045,4.007995,0,2.76623,3.73862,1.3642915
0,0.072701352,4.584967479,5.68,18.1,4.398340249,0.5,5,0.5,0,94,5,0,0,43.25,0.921458,0,0.15914,5.59004e-4,0.8566975,1.133852,0,0.37917,4.66985,5.735985
0,0.058271882,5.720311777,5.08,12,7.94649882,0.1,7,0.1,0,70,20,0,0,56.5,0.9178385,0,0.08415265,5.9801e-4,1.0994,1.219885,0.44533,0.382985,0.196647,0.187851
0,0.05671118,5.877735782,4.82,15.7,8.171206226,1,2,0.1,0,70,25,0,0,55.5,0.6204175,0,0.2186932,0.07107991,0.689312,1.124957,0,0.3726795,0,3.9332
0,0.060913166,5.472270674,4.37,10.2,6.917688266,0.1,5,0.1,0,70,20,0,0,60,0.440267,0.00972875,0.04151355,0.00206158,0.402099,0.252706,0,0.2989905,2.448425,1.031158
0,0.061906145,5.384495063,4.51,9.4,3.633491311,0.5,10,0.1,0,75,15,0,0,39.5,1.12958,0,0.0210488,0,1.270885,3.51376,0,2.754525,3.791905,1.61208
0,0.060960071,5.468060141,4.51,9,2.346041056,0.1,5,0.1,0,85,10,0,0,60,0,0,0,2.72705e-4,2.261445,2.69437,0,2.450505,3.57269,1.598155
0,0.054328059,6.135564891,5.2,11.4,7.329401853,2,1,0.1,0,58,40,0,0,60,0.5357035,0,0,0.00182115,0.908017,4.05651,0,2.65964,3.64535,1.290185
0,0.053568381,6.222576268,4.43,6.2,10.76555024,0.1,4,0.1,0,58,40,0,0,60,0.5960355,0,0.05865485,0.198278,0.7873015,0.2878175,0.1725795,0.268232,2.222745,0.3750665
0,0.052014018,6.408528791,5.04,11.1,8.566275924,2,1,0.1,0,58,40,0,0,60,1.41014,0,0.096182,0,1.53555,3.514975,0,2.755165,3.410655,3.213095
0,0.05209477,6.398594935,4.94,14.8,5.349439172,0.5,2,0,0,59,40,0,0,60,1.203995,0,0.02128435,0.00209986,0.02595991,1.17025,0,0.2281055,4.394215,5.054945
0,0.052751229,6.318968114,4.65,10.7,9.460580913,0.1,2,0.1,0,68,30,0,0,60,0.875034,0,0.133103,0,0.88191,0.283454,0,0.622949,0.329844,2.287465
0,0.048860113,6.8221973910000004,4.66,12,8.649093904,0,2,0.1,0,65,30,0,0,56.5,1.250135,0,0.0397363,0.00169652,0.004717065,0.851086,0,0.240668,4.028285,2.1282255
0,0.04856394,6.863803391,4.74,10.8,8.927108927,0.1,1,0.1,0,64,30,4,0,43.5,1.51,0,0.04,0,0.01,2.21,0,1.5,3.44,1.22
0,0.048076301,6.933423026,4.5,8.5,10.27639972,0.5,2,0.1,0,68,30,0,0,60,0.49109125,0.12255185,0.041564833,0.01462805,0.97129275,0.97608125,0.18206675,0.1569233,2.0194835,0.970494
0,0.048103402,6.929516771,4.63,8.8,13.27935223,0.1,3,0.5,0,73,25,0,0,60,0.5234695,0,0.00800842,0.00486271,0.706803,1.19841,0,0.3290775,0,0.384056
0,0.049231088,6.770789424,4.72,9.7,7.342657343,1,2,0,0,74,25,0,0,44.5,0,0,0.005598235,0.00138266,1.103407,3.81152,0,2.75352,3.6356,1.45002
